vignette_id,patient_id,specialty,experience_group,complexity,n_queries,n_pivots
V001,55729,critical_care,<5_years,low,3,0
V002,17229258,internal_medicine,<5_years,high,5,4
V003,70133,hospital_medicine,<5_years,high,4,3
V004,806,internal_medicine,<5_years,low,3,0
V005,19815,emergency,<5_years,low,3,0
V006,15157,emergency,>=5_years,high,4,0
V007,24647,hospital_medicine,>=5_years,low,3,0
V008,3948,internal_medicine,>=5_years,high,4,0
V009,1802,critical_care,<5_years,low,3,2
V010,8785,critical_care,>=5_years,high,4,0
V011,19818243,internal_medicine,>=5_years,high,4,0
V012,14702995,hospital_medicine,<5_years,high,5,4
V013,14979,emergency,<5_years,high,5,0
V014,69967,internal_medicine,>=5_years,high,5,4
V015,80927,emergency,<5_years,high,4,3
V016,55393,hospital_medicine,<5_years,high,5,4
V017,67798,internal_medicine,>=5_years,low,3,2
V018,3702,internal_medicine,<5_years,low,3,0
V019,19122474,hospital_medicine,<5_years,high,5,4
V020,78522,hospital_medicine,>=5_years,high,5,0
V021,30222,hospital_medicine,<5_years,high,4,0
V022,15801,internal_medicine,<5_years,high,5,4
V023,85455,emergency,>=5_years,high,5,4
V024,17384,internal_medicine,>=5_years,high,5,4
V025,62639,hospital_medicine,>=5_years,high,4,3
V026,31067,hospital_medicine,>=5_years,high,4,3
V027,4693,critical_care,<5_years,low,3,2
V028,15574516,internal_medicine,<5_years,high,4,3
V029,2988,internal_medicine,<5_years,high,4,3
V030,10685605,emergency,>=5_years,high,4,3
V031,18371155,critical_care,>=5_years,low,3,2
V032,16317,emergency,>=5_years,high,4,0
V033,10205925,internal_medicine,<5_years,high,5,0
V034,4383,emergency,>=5_years,high,5,0
V035,19043685,internal_medicine,>=5_years,low,3,0
V036,91092,internal_medicine,>=5_years,high,5,0
V037,10391076,internal_medicine,>=5_years,high,4,3
V038,10850433,hospital_medicine,>=5_years,high,4,3
V039,6945,hospital_medicine,<5_years,high,5,4
V040,28909,hospital_medicine,>=5_years,low,3,0
V041,30081,critical_care,>=5_years,high,5,4
V042,49304,hospital_medicine,>=5_years,high,5,4
V043,25261,critical_care,>=5_years,high,4,3
V044,70645,hospital_medicine,>=5_years,low,3,2
V045,12347278,hospital_medicine,>=5_years,high,4,3
V046,20496,critical_care,<5_years,high,5,4
V047,19975,emergency,<5_years,high,4,3
V048,3835,emergency,<5_years,high,4,3
V049,17764327,internal_medicine,>=5_years,high,5,4
V050,57983,hospital_medicine,<5_years,high,4,3
V051,13680126,critical_care,<5_years,low,3,2
V052,18649,internal_medicine,>=5_years,high,4,3
V053,17162,internal_medicine,<5_years,high,5,4
V054,21370,critical_care,<5_years,high,5,0
V055,30748,emergency,<5_years,low,3,0
V056,87642,critical_care,<5_years,high,5,4
V057,18666,internal_medicine,<5_years,high,5,0
V058,13179337,internal_medicine,<5_years,high,5,4
V059,13889180,hospital_medicine,<5_years,high,4,3
V060,19329862,internal_medicine,<5_years,high,5,4
V061,49599,hospital_medicine,>=5_years,low,3,2
V062,78,emergency,<5_years,low,3,2
V063,17513,hospital_medicine,<5_years,low,3,2
V064,45112,hospital_medicine,<5_years,low,3,2
V065,11312,emergency,>=5_years,low,3,2
V066,4088,hospital_medicine,<5_years,high,4,0
V067,22585,emergency,<5_years,high,5,4
V068,1312,hospital_medicine,<5_years,high,4,3
V069,12420,emergency,>=5_years,high,5,0
V070,22813,emergency,<5_years,low,3,0
V071,5838,critical_care,<5_years,high,4,3
V072,23530,critical_care,<5_years,low,3,0
V073,20721,hospital_medicine,<5_years,high,5,0
V074,10113857,emergency,<5_years,low,3,0
V075,10051825,hospital_medicine,>=5_years,high,4,3
V076,13953193,hospital_medicine,>=5_years,high,5,0
V077,17060897,internal_medicine,<5_years,high,4,3
V078,13050,emergency,>=5_years,high,5,4
V079,56076,hospital_medicine,>=5_years,low,3,2
V080,54540,critical_care,>=5_years,high,4,0
V081,93836,hospital_medicine,>=5_years,high,4,3
V082,23880,internal_medicine,<5_years,high,4,0
V083,18490080,internal_medicine,<5_years,high,5,4
V084,26921,hospital_medicine,>=5_years,high,5,4
V085,13423617,critical_care,<5_years,high,4,0
V086,15780880,internal_medicine,>=5_years,high,5,4
V087,13895,hospital_medicine,<5_years,high,4,0
V088,3021,hospital_medicine,<5_years,high,4,0
V089,14904,critical_care,<5_years,high,4,0
V090,6095,critical_care,<5_years,high,5,0
V091,54182,hospital_medicine,<5_years,low,3,2
V092,16568,hospital_medicine,<5_years,high,5,4
V093,13017716,emergency,<5_years,high,5,4
V094,8408,critical_care,>=5_years,high,5,4
V095,5070,hospital_medicine,<5_years,high,5,4
V096,65394,internal_medicine,>=5_years,high,5,4
V097,8016,internal_medicine,>=5_years,low,3,2
V098,904,hospital_medicine,>=5_years,low,3,2
V099,14215,internal_medicine,<5_years,high,5,4
V100,44539,hospital_medicine,>=5_years,high,4,0
V101,73038,critical_care,>=5_years,high,4,0
V102,18998398,critical_care,>=5_years,high,5,4
V103,10646,emergency,<5_years,high,5,4
V104,18592566,emergency,<5_years,high,5,0
V105,2344,critical_care,>=5_years,low,3,2
V106,17467,emergency,>=5_years,high,5,0
V107,29391,critical_care,<5_years,high,4,3
V108,14197,emergency,<5_years,high,4,3
V109,7889,emergency,>=5_years,high,4,0
V110,10494276,hospital_medicine,<5_years,low,3,2
V111,6745,critical_care,<5_years,high,5,4
V112,7820,hospital_medicine,>=5_years,high,4,0
V113,15593172,critical_care,>=5_years,high,4,3
V114,32496,hospital_medicine,<5_years,high,5,4
V115,13212,critical_care,<5_years,high,5,0
V116,19049931,internal_medicine,<5_years,high,5,4
V117,25874,internal_medicine,<5_years,low,3,0
V118,17168,internal_medicine,>=5_years,low,3,2
V119,18807122,internal_medicine,>=5_years,high,4,3
V120,32734,internal_medicine,>=5_years,high,4,3
V121,7010,hospital_medicine,<5_years,low,3,2
V122,27544,internal_medicine,<5_years,high,5,0
V123,43673,emergency,<5_years,high,5,4
V124,65711,emergency,<5_years,low,3,0
V125,87835,emergency,<5_years,high,4,3
V126,1337,emergency,<5_years,low,3,2
V127,79846,emergency,>=5_years,high,4,0
V128,47668,internal_medicine,>=5_years,low,3,0
V129,83061,hospital_medicine,>=5_years,low,3,2
V130,88957,critical_care,>=5_years,high,5,4
V131,7961,internal_medicine,>=5_years,low,3,0
V132,72753,hospital_medicine,<5_years,high,4,3
V133,81032,internal_medicine,<5_years,low,3,0
V134,9396,critical_care,<5_years,high,4,0
V135,8721,critical_care,<5_years,high,5,4
V136,16909345,critical_care,<5_years,high,5,0
V137,26936,emergency,>=5_years,low,3,2
V138,6653,internal_medicine,<5_years,low,3,2
V139,92801,emergency,>=5_years,high,5,4
V140,6748,hospital_medicine,>=5_years,high,4,0
V141,29355,critical_care,>=5_years,high,5,4
V142,66105,internal_medicine,<5_years,low,3,2
V143,45297,emergency,>=5_years,high,4,3
V144,21447,hospital_medicine,<5_years,high,5,4
V145,17862585,internal_medicine,<5_years,low,3,2
V146,17416827,internal_medicine,<5_years,high,4,3
V147,11866965,internal_medicine,<5_years,high,4,3
V148,2457,emergency,<5_years,low,3,2
V149,12493796,critical_care,<5_years,high,5,4
V150,84966,critical_care,>=5_years,low,3,0
V151,79551,internal_medicine,<5_years,high,4,0
V152,54643,internal_medicine,<5_years,low,3,2
V153,15547667,critical_care,<5_years,high,4,3
V154,80260,internal_medicine,>=5_years,high,5,4
V155,80097,hospital_medicine,<5_years,high,5,4
V156,11280077,critical_care,<5_years,low,3,2
V157,28165,internal_medicine,<5_years,high,4,0
V158,52238,critical_care,>=5_years,high,4,3
V159,4196,hospital_medicine,>=5_years,high,4,0
V160,5788,critical_care,<5_years,high,5,0
V161,63109,hospital_medicine,<5_years,high,4,3
V162,13465746,critical_care,>=5_years,high,5,4
V163,7066,critical_care,>=5_years,high,5,4
V164,13297093,emergency,<5_years,high,4,3
V165,11761121,critical_care,<5_years,high,5,4
V166,21985,critical_care,>=5_years,high,4,0
V167,15558,emergency,<5_years,high,5,4
V168,28578,hospital_medicine,>=5_years,low,3,2
V169,11637011,critical_care,<5_years,high,4,3
V170,72764,internal_medicine,<5_years,high,4,0
V171,13366,emergency,<5_years,high,4,3
V172,10509845,internal_medicine,<5_years,high,4,3
V173,85255,emergency,>=5_years,high,5,4
V174,28055,critical_care,>=5_years,high,4,3
V175,28824,hospital_medicine,<5_years,high,5,4
V176,17734,critical_care,>=5_years,low,3,0
V177,13987,internal_medicine,>=5_years,high,4,0
V178,55198,hospital_medicine,>=5_years,high,4,0
V179,3168,hospital_medicine,>=5_years,high,4,0
V180,5135,internal_medicine,>=5_years,high,4,0
V181,21993,hospital_medicine,>=5_years,low,3,0
V182,52876,hospital_medicine,>=5_years,high,5,0
V183,68759,critical_care,<5_years,low,3,2
V184,25920,internal_medicine,<5_years,high,4,0
V185,16751019,internal_medicine,>=5_years,low,3,2
V186,80298,emergency,>=5_years,high,4,3
V187,28700,internal_medicine,>=5_years,low,3,0
V188,1154,hospital_medicine,>=5_years,high,5,0
V189,57138,emergency,<5_years,low,3,2
V190,8234,hospital_medicine,<5_years,high,4,3
V191,15385925,critical_care,<5_years,high,5,4
V192,10702026,hospital_medicine,>=5_years,high,5,4
V193,57231,internal_medicine,>=5_years,high,4,3
V194,29675,critical_care,<5_years,high,5,0
V195,19899194,critical_care,>=5_years,high,4,3
V196,16046,hospital_medicine,>=5_years,low,3,0
V197,15916117,emergency,<5_years,high,5,4
V198,29471,critical_care,>=5_years,high,5,0
V199,11422357,internal_medicine,>=5_years,high,4,0
V200,3765,internal_medicine,<5_years,high,5,4
