condition,n,time_to_info_mean,time_to_info_se,accuracy_mean,accuracy_se,latency_ms_mean,latency_ms_se,cognitive_load_mean,cognitive_load_se,n_queries_issued_mean,n_queries_issued_se
bm25,1000,92.228,2.11,0.84,0.012,189.392,0.436,52.11,0.32,3.041,0.045
gdt,1000,68.958,1.573,0.915,0.009,128.238,0.28,39.467,0.295,3.041,0.045
colbert,1000,79.952,2.058,0.855,0.011,157.264,0.331,42.289,0.345,3.041,0.045
control,1000,88.52,2.013,0.868,0.011,188.95,0.392,51.602,0.312,3.041,0.045
llm_rag,1000,89.183,2.364,0.786,0.013,164.958,0.339,43.046,0.384,3.041,0.045
graphcare,1000,75.615,1.835,0.871,0.011,149.457,0.324,41.441,0.326,3.041,0.045
medcpt,1000,76.356,1.863,0.875,0.01,142.213,0.306,42.361,0.324,3.041,0.045
cma,1000,78.714,1.902,0.868,0.011,146.462,0.317,43.434,0.33,3.041,0.045
sdt,1000,62.967,1.399,0.939,0.008,112.873,0.249,34.975,0.278,3.041,0.045
